Container_ID,Declaration_Date (YYYY-MM-DD),Declaration_Time,Trade_Regime (Import / Export / Transit),Origin_Country,Destination_Port,Destination_Country,HS_Code,Importer_ID,Exporter_ID,Declared_Value,Declared_Weight,Measured_Weight,Shipping_Line,Dwell_Time_Hours,Clearance_Status
97061800,2020-01-01,20:16:40,Import,BE,PORT_30,UG,440890,QLRUBN9,0VKY2BR,372254.4,108.0,106.51,LINE_MODE_10,37.6,Clear
85945189,2020-01-01,09:43:49,Import,CN,PORT_40,CA,690722,7JD1S2X,8WDKMC6,375751.2,11352.0,11541.578,LINE_MODE_40,51.7,Clear
77854751,2020-01-01,06:15:11,Import,CN,PORT_20,BA,620822,WI9O3I5,4DT3246,5353.02,20.7,20.404,LINE_MODE_40,31.3,Clear
46925060,2020-01-01,04:04:20,Import,VN,PORT_40,MN,940350,6LI9721,PKUOG2P,1477645.4,9218.0,8814.252,LINE_MODE_40,11.8,Clear
34131149,2020-01-01,03:36:29,Import,VN,PORT_20,LV,071080,RZ871V1,1HMVIVH,6364800.0,24000.0,24880.8,LINE_MODE_10,70.9,Clear
38459034,2020-01-01,23:27:54,Import,CN,PORT_40,CR,851712,2EIESGV,WLTGD61,29078.8,2.0,2.412,LINE_MODE_10,98.9,Low Risk
69602841,2020-01-01,02:43:21,Import,DE,PORT_40,RS,391000,US268D0,BXMTYM2,10765.0,25.0,24.768,LINE_MODE_40,34.6,Clear
94070719,2020-01-01,08:49:19,Import,CN,PORT_10,CR,220870,EAPRJGG,NTDG5EH,78900.0,500.0,500.85,LINE_W6UCD9,41.8,Clear
28079013,2020-01-01,03:31:33,Import,US,PORT_13,HU,853670,OQGTRGJ,B6KLLXR,241.58,0.2,0.201,LINE_HE8ATP,43.8,Clear
66853714,2020-01-01,01:32:34,Import,CN,PORT_30,SI,940180,FI22XB4,BXMTYM2,2463.6,2053.0,2010.298,LINE_MODE_40,27.0,Clear
19246049,2020-01-01,08:51:29,Import,IT,PORT_20,SI,220429,NM5XD6W,3QHJOHO,3151.61,7.7,7.598,LINE_MODE_10,37.9,Clear
14879976,2020-01-01,06:55:36,Import,CN,PORT_30,EC,851762,KRQQAFQ,HXEPMFC,153294.0,1057.2,1055.297,LINE_MODE_10,45.5,Clear
58493150,2020-01-01,15:25:50,Import,CN,PORT_20,PY,854442,I6ZZMA2,K76UOWY,2547.36,14.4,13.086,LINE_MODE_10,17.6,Low Risk
43035997,2020-01-01,23:18:37,Import,CN,PORT_30,CR,851660,4IDKLYQ,S7GIAHP,2359189.8,5346.0,5413.894,LINE_MODE_40,49.1,Clear
35204875,2020-01-01,14:47:55,Import,ID,PORT_62,JP,441231,44A9O7H,SLE6478,2594851.2,45684.0,46766.711,LINE_B7S0RD,62.3,Clear
47555392,2020-01-01,15:41:52,Import,JP,PORT_20,TH,842952,H5ELQX1,DHZWEP3,1084552.0,1712.0,1695.222,LINE_W6UCD9,34.2,Clear
54770090,2020-01-01,17:14:50,Import,US,PORT_20,JP,821300,IKARAKA,10T1QG8,1620.5,5.0,4.956,LINE_MODE_40,34.9,Clear
91408622,2020-01-01,01:49:02,Import,CN,PORT_40,PL,852580,Y87ZITA,BXMTYM2,50127.0,110.0,114.567,LINE_MODE_40,99.0,Low Risk
55920693,2020-01-01,09:19:33,Import,CN,PORT_50,CL,420292,PK9KAKW,LBW8NB5,189.6,316.0,304.845,LINE_A5IT1U,19.4,Clear
57409866,2020-01-01,02:47:06,Import,CN,PORT_30,UG,481950,EJBNJ7G,AE0JJD2,95.55,24.5,24.578,LINE_MODE_10,48.8,Clear
24077377,2020-01-01,17:01:37,Import,CN,PORT_20,PG,950300,CJ6ZCGQ,SPNQCD4,716565.9,10711.0,10954.14,LINE_MODE_40,55.7,Clear
19201172,2020-01-01,02:11:32,Import,CN,PORT_40,ZZ,200599,Q8MAKJD,KILND1W,4575904.0,48320.0,48329.664,LINE_MODE_10,46.8,Clear
25886903,2020-01-01,05:56:23,Import,CA,PORT_20,PG,851762,EHXQG9A,W3K0JC6,13320.27,14.1,14.237,LINE_MODE_10,53.1,Clear
64705381,2020-01-01,16:59:01,Import,DE,PORT_30,HU,732690,Y3QS787,KQ8UJP7,33.0,22.0,22.455,LINE_MODE_10,60.4,Clear
51313213,2020-01-01,20:08:13,Import,GB,PORT_16,SI,391190,TM6WOEY,G15KUZ2,10106.25,24.5,28.406,LINE_MWIDNS,45.0,Low Risk
21073696,2020-01-01,02:04:16,Import,NP,PORT_70,EC,920600,55BH1VM,OOZO637,3486.0,60.0,62.292,LINE_MODE_10,71.9,Clear
38525083,2020-01-02,05:52:43,Import,CN,PORT_40,UG,401699,EM2E4JI,NL4ITTS,72.4,4.0,4.079,LINE_MODE_10,59.7,Clear
47431706,2020-01-02,04:24:26,Import,US,PORT_30,KR,392690,4P7B5G1,DLZIJEQ,136.92,228.2,203.865,LINE_MODE_10,34.6,Low Risk
83743051,2020-01-02,11:13:31,Import,CN,PORT_40,PY,620462,2P3V50X,O6JLM7J,30866.0,220.0,227.854,LINE_MODE_10,70.3,Clear
63617737,2020-01-02,16:27:37,Import,CN,PORT_40,TT,610990,AGE39KK,ZHR1CC1,1250.0,20.0,20.854,LINE_MODE_40,68.9,Clear
32708224,2020-01-02,06:41:04,Import,CN,PORT_40,MT,392690,C156PIZ,DWNJQL8,9.3,15.5,15.1,LINE_MWIDNS,29.7,Clear
94748548,2020-01-02,18:30:28,Import,CN,PORT_20,BA,950300,708A72F,N1MU33Y,28930.0,110.0,150.264,LINE_MODE_10,142.5,Critical
38543102,2020-01-02,12:57:02,Import,NI,PORT_30,IL,630790,35QPBS0,QDA3U8T,690.0,300.0,329.112,LINE_MODE_10,36.2,Low Risk
57728656,2020-01-02,16:00:16,Import,CN,PORT_40,ZZ,640299,1E7DTR5,1DKNO2M,514.0,5.0,4.791,LINE_MODE_10,19.1,Clear
40371610,2020-01-02,23:00:10,Import,TR,PORT_40,LV,250810,9RMD0T5,YFEUVQC,64568.84,2819.6,2907.572,LINE_W6UCD9,67.3,Clear
73126688,2020-01-02,03:06:08,Import,US,PORT_20,LV,392690,MJZO983,E3Q8ABV,9.48,0.3,0.313,LINE_VZIZJJ,74.5,Clear
24697408,2020-01-02,11:51:28,Import,VN,PORT_10,CA,940490,SKDR671,MM7MN4S,21053.34,911.4,895.177,LINE_MODE_10,34.9,Clear
95975634,2020-01-02,00:17:54,Import,DE,PORT_30,GU,390950,28OZXXF,42VLJD6,110175.0,250.0,301.46,LINE_MODE_10,98.9,Low Risk
46824398,2020-01-02,18:54:38,Import,CN,PORT_10,GU,940360,ZYVOW2Z,XVKXZOK,70290.0,9900.0,10268.28,LINE_MODE_10,71.2,Clear
93188371,2020-01-02,18:55:31,Import,CN,PORT_40,BR,620463,F3XOF3E,U69S3XW,403485.6,6132.0,5982.992,LINE_MODE_10,30.7,Clear
27330422,2020-01-02,10:19:02,Import,CN,PORT_40,IL,841320,6JZPZ3O,V9GO1VJ,44082.72,3643.2,3735.009,LINE_MODE_10,63.3,Clear
84902588,2020-01-02,06:11:08,Import,IT,PORT_10,AM,841459,037VMHI,NNBIK6P,25152.84,392.4,389.339,LINE_MODE_10,41.5,Clear
57565526,2020-01-02,23:21:26,Import,VN,PORT_30,UG,640299,N6CG9ZF,EKEWR8W,359100.96,3493.2,3399.582,LINE_MODE_10,29.0,Clear
73045847,2020-01-02,08:02:47,Import,CN,PORT_20,SD,850519,U89JAWF,PUR3454,218.0,5.0,5.188,LINE_MODE_40,65.6,Clear
98752699,2020-01-02,01:22:19,Import,DE,PORT_30,HN,330499,YFDPPDW,5WRJWBD,67678.0,380.0,384.446,LINE_MODE_10,54.4,Clear
88268883,2020-01-02,20:56:03,Import,CN,PORT_40,RS,610910,EKI0ID0,CXC3E7O,624.0,40.0,48.298,LINE_MODE_40,93.4,Low Risk
35053269,2020-01-02,14:25:09,Import,JP,PORT_40,HU,310100,MODEXI2,R6OX3Y9,4712130.0,127700.0,124724.59,LINE_MWIDNS,25.3,Clear
51770822,2020-01-02,07:19:02,Import,TW,PORT_40,BA,940290,NMF3ARJ,FDS7TF3,22570.0,14.8,15.173,LINE_EIZP3I,57.3,Clear
39894127,2020-01-02,04:34:07,Import,VN,PORT_20,HN,940169,0NBY50H,IHDE3DP,258480.0,3600.0,3591.72,LINE_MODE_40,39.2,Clear
65839607,2020-01-02,14:18:47,Import,DE,PORT_20,LV,392690,J4HE1D5,TJ5LQYN,60.0,100.0,95.77,LINE_MODE_10,18.8,Clear
50196114,2020-01-02,19:45:54,Import,JP,PORT_20,GU,071290,QBIH1EB,Z7DI1C1,81170.0,100.0,97.92,LINE_MODE_10,33.0,Clear
23794696,2020-01-02,21:54:16,Import,VN,PORT_30,JP,160419,ETURNFG,AM05MDE,252150.0,500.0,519.1,LINE_MODE_10,71.9,Clear
65637572,2020-01-02,13:11:32,Import,CN,PORT_20,UG,901910,GR4J0RB,SB737F4,6630.0,1275.0,1275.255,LINE_MODE_10,46.8,Clear
78327056,2020-01-02,04:26:56,Import,CN,PORT_20,SV,200599,7OUO7H7,IJ8KT4I,385200.0,6000.0,5749.2,LINE_MODE_10,19.1,Clear
11817825,2020-01-02,13:43:45,Import,JP,PORT_16,CR,844180,EXV87PQ,AWI1M30,1121380.0,24700.0,24667.89,LINE_MODE_40,39.8,Clear
14504852,2020-01-02,09:39:32,Import,CN,PORT_62,CR,851829,BLZGA7I,P5KJOIV,722568.0,7590.0,7287.918,LINE_MODE_40,14.4,Clear
60904587,2020-01-02,10:08:27,Import,CH,PORT_20,LR,910229,T9K1CH7,L5GONLU,57.22,0.2,0.194,LINE_MODE_10,25.4,Clear
52259628,2020-01-02,21:21:48,Import,IT,PORT_20,NO,420330,K475220,VVFLVNF,1712.0,5.0,4.861,LINE_MODE_10,28.3,Clear
53200097,2020-01-02,13:20:17,Import,US,PORT_40,MG,853690,RVKGBFV,DYE3F4N,156.8,4.0,3.631,LINE_MODE_40,12.5,Low Risk
92603662,2020-01-02,03:06:22,Import,DE,PORT_20,SI,853710,MRAROIU,UVKG8JK,180.3,0.6,0.603,LINE_MODE_10,50.1,Clear
84067615,2020-01-02,23:46:55,Import,MY,PORT_40,PY,261900,O6AMSF7,L04YPY8,1215840.0,202640.0,193257.768,LINE_MWIDNS,10.1,Clear
84059707,2020-01-02,12:47:07,Import,US,PORT_20,PL,400911,FBKWIIB,WCKFJ61,725.76,1.6,1.612,LINE_MODE_10,51.8,Clear
21143403,2020-01-02,06:58:03,Import,CN,PORT_40,DJ,851829,NB7S8YQ,OJSCAW7,8377.6,88.0,80.063,LINE_MODE_10,16.7,Low Risk
54838489,2020-01-02,20:58:49,Import,US,PORT_20,AT,630710,LHMZ0BH,LQIJWPR,6534.84,920.4,889.751,LINE_MODE_10,24.7,Clear
56747478,2020-01-02,01:59:18,Import,IT,PORT_20,AM,680291,Y6R9IMD,Y1DIJHP,1173600.0,24000.0,23932.8,LINE_MODE_10,44.8,Clear
97878449,2020-01-02,19:11:29,Import,CN,PORT_20,PG,560391,GNTQ01X,NH38CYF,47023.8,543.0,535.778,LINE_MODE_10,37.9,Clear
65547224,2020-01-02,03:17:44,Import,FR,PORT_40,DJ,851822,LLOUM5I,H0YUACY,7095.0,50.0,48.71,LINE_MODE_10,29.7,Clear
91910410,2020-01-02,19:20:10,Import,MY,PORT_40,HN,401519,8V7MR0F,MEIP9W0,401265.0,7230.0,7455.576,LINE_MODE_40,61.3,Clear
55296135,2020-01-02,21:02:15,Import,PL,PORT_20,SD,620462,AY89LH5,YVRA5HF,14030.0,100.0,99.37,LINE_MODE_40,36.5,Clear
29892142,2020-01-02,15:14:22,Import,CN,PORT_40,OM,961800,22JV8UE,9BL24RS,16042.53,55.3,53.376,LINE_MODE_10,23.7,Clear
92537849,2020-01-02,23:41:29,Import,CN,PORT_40,PG,854370,VIXK8AG,U3GCVEO,3830.32,330.2,325.808,LINE_MODE_40,31.9,Clear
33419521,2020-01-02,10:28:01,Import,VN,PORT_20,UG,620343,PCSBCXW,PF56GPT,592800.0,3000.0,2852.1,LINE_MODE_10,14.2,Clear
90239614,2020-01-02,13:37:34,Import,DE,PORT_80,GG,842199,3Z5L1PO,Y03WKJU,1786.4,308.0,316.994,LINE_MODE_40,60.0,Clear
79755031,2020-01-02,11:26:31,Import,GB,PORT_40,UG,852329,2D2MYTA,46C5OXJ,144800.77,5.3,5.542,LINE_MODE_10,10.9,Clear
90985933,2020-01-02,00:20:13,Import,US,PORT_40,KR,830250,LMC03UW,B1875BL,126.7,1.0,1.045,LINE_MODE_40,4.2,Clear
29121654,2020-01-02,17:44:54,Import,CN,PORT_62,FJ,850490,N2WHDTJ,20P79IP,104965.5,435.0,439.002,LINE_2SP9SH,46.8,Clear
39996759,2020-01-02,17:36:39,Import,CN,PORT_13,NO,650691,BMH6J4M,1QSWF8K,194567.76,597.2,586.271,LINE_MODE_10,34.6,Clear
65153144,2020-01-02,21:49:44,Import,TW,PORT_20,HN,854239,0LICM7E,IU5QO7Q,522.5,12.5,12.678,LINE_MODE_10,56.1,Clear
55355481,2020-01-02,05:07:21,Import,CN,PORT_40,FJ,391990,HXRYQ4U,V4Z5Z2K,3.0,30.0,27.063,LINE_MODE_10,23.1,Low Risk
37082229,2020-01-02,02:01:09,Import,CN,PORT_20,BR,392690,30TFI2G,LICIJAN,108.0,180.0,204.091,LINE_MODE_10,44.9,Low Risk
13844785,2020-01-02,19:26:25,Import,CN,PORT_40,LR,871200,5VOMCFU,U0867HI,1676759.75,4953.5,5965.203,LINE_VZIZJJ,92.4,Low Risk
70709940,2020-01-02,21:39:00,Import,DE,PORT_30,IL,841940,DMW06JW,F5O2DK0,266362.46,154.7,157.206,LINE_MODE_40,51.4,Clear
51502279,2020-01-02,00:15:19,Import,TH,PORT_20,BR,392062,V7AX5I3,57M3YAH,299886.1,20681.8,21130.595,LINE_EIZP3I,61.0,Clear
48433537,2020-01-02,14:37:37,Import,CN,PORT_40,CA,902490,GG8BN7J,0FWK4FA,2911.5,15.0,15.64,LINE_EIZP3I,74.9,Clear
27142667,2020-01-02,05:09:47,Import,CN,PORT_40,PY,611011,HW96MLB,Y7GUHAF,188.79,0.7,0.719,LINE_W6UCD9,59.0,Clear
20824144,2020-01-02,09:33:04,Import,TW,PORT_40,BR,848190,BGXLMKK,V7U393R,87.8,2.0,2.028,LINE_MODE_10,56.1,Clear
48809614,2020-01-02,17:17:34,Import,MY,PORT_40,HU,370130,HK4G0IL,B2R58DL,138142.4,44.0,45.285,LINE_MODE_10,66.0,Clear
66009718,2020-01-02,01:29:58,Import,CN,PORT_20,RS,940169,L26HSGE,OAXQLRN,116890.4,1628.0,1590.882,LINE_MODE_10,31.6,Clear
33127022,2020-01-02,04:29:02,Import,CN,PORT_30,ES,940490,IITU56C,KGLU4BG,13349.49,577.9,592.463,LINE_MODE_10,63.3,Clear
32069865,2020-01-02,15:17:45,Import,CN,PORT_20,PY,630622,5PE4M24,A7POIBB,7140.0,1020.0,914.44,LINE_MODE_40,25.2,Low Risk
62040320,2020-01-02,22:45:20,Import,VN,PORT_13,CR,230990,HJAXBP3,96QVZP3,3252600.0,46800.0,48026.16,LINE_MODE_10,64.0,Clear
15851969,2020-01-02,02:03:29,Import,JP,PORT_20,SV,390290,F3LYP3T,U8M4Z4C,840480.0,2400.0,2464.08,LINE_MODE_10,64.3,Clear
26796424,2020-01-02,04:31:04,Import,TH,PORT_30,LV,392062,TP13DDU,UQHMADE,299886.1,20681.8,20148.21,LINE_MODE_10,29.7,Clear
32843831,2020-01-02,23:13:11,Import,KR,PORT_40,JP,847790,YHZF1M5,ZX33IL2,8080.2,67.0,71.979,LINE_MODE_10,8.6,Low Risk
46259371,2020-01-02,07:05:31,Import,CN,PORT_39,CA,620640,8OK2G0F,NWB76BS,687.6,36.0,35.125,LINE_988GCP,30.7,Clear
36201135,2020-01-02,04:52:15,Import,CN,PORT_20,ES,392690,C778XGM,BVU01MU,30.6,51.0,50.679,LINE_MODE_10,42.5,Clear
15655053,2020-01-02,08:25:33,Import,CN,PORT_30,PG,720221,FM24UMT,OMBWJUK,7572000.0,20000.0,19694.0,LINE_MODE_10,36.6,Clear
37204442,2020-01-02,13:06:02,Import,VN,PORT_40,GN,620292,H3KPREH,5VUE8VT,710446.68,505.8,513.488,LINE_MODE_40,50.7,Clear
30390132,2020-01-02,08:54:12,Import,US,PORT_20,TT,903010,YPAL7B4,26DPZC6,27030.64,2.6,2.653,LINE_MODE_10,60.0,Clear
34512418,2020-01-02,00:14:58,Import,CN,PORT_40,MT,950300,HESM5N3,R3UQ8GB,333041.58,4978.2,5113.607,LINE_VZIZJJ,58.6,Clear
74483829,2020-01-02,07:21:09,Import,TH,PORT_20,UZ,210690,3UGLL4I,5LPVHRD,5882250.0,46500.0,46346.55,LINE_MODE_10,44.5,Clear
17476981,2020-01-02,01:59:01,Import,DE,PORT_40,BR,121190,30EZMVX,69RSNY6,18.12,0.3,0.306,LINE_MWIDNS,54.4,Clear
65912175,2020-01-02,17:56:15,Import,CN,PORT_40,NG,940180,E808G5S,LP6EWRR,7257.84,6048.2,5889.132,LINE_MODE_10,29.3,Clear
91007101,2020-01-02,11:01:01,Import,CN,PORT_20,IL,650500,YC583OE,XE2UJGU,732.6,198.0,190.219,LINE_MODE_10,20.8,Clear
54007502,2020-01-02,04:37:02,Import,CN,PORT_20,BR,940540,HZ768MN,1XUHGU5,26368.0,2560.0,2808.422,LINE_MWIDNS,36.2,Low Risk
80451343,2020-01-02,08:03:43,Import,CN,PORT_20,MN,620442,1F28A1Z,XXPRVGD,11660.0,200.0,197.94,LINE_MODE_10,39.9,Clear
65531568,2020-01-02,00:00:48,Import,FI,PORT_30,EC,681182,TQEVPHY,Z2JP4ZG,1070.0,10.0,10.022,LINE_MODE_10,48.1,Clear
88467426,2020-01-02,13:53:06,Import,GB,PORT_30,PG,382200,1OQ5SZB,VO9L3NH,917.43,0.3,0.307,LINE_MODE_10,62.0,Clear
29537685,2020-01-02,11:54:45,Import,CN,PORT_20,PL,071080,J986ETI,V7P5ZIU,2694147.0,11010.0,10665.387,LINE_MODE_10,26.0,Clear
43802671,2020-01-02,16:40:31,Import,CA,PORT_40,FJ,870324,1UP3S1C,6WQKYWD,15540.8,1766.0,1840.737,LINE_W6UCD9,99.5,Low Risk
23304760,2020-01-02,12:12:40,Import,US,PORT_20,UG,481149,9AG8233,I6HZCKT,11690.0,700.0,704.34,LINE_MODE_10,50.8,Clear
41792613,2020-01-02,04:51:33,Import,IT,PORT_20,CL,420292,2TSD24C,W5WQQV8,0.6,1.0,1.005,LINE_MODE_40,43.8,Clear
64496769,2020-01-02,21:10:09,Import,CN,PORT_16,ES,841459,O64BOMR,YN3O2G6,609591.0,9510.0,9763.917,LINE_MODE_40,58.3,Clear
99343212,2020-01-02,18:32:12,Import,CN,PORT_16,TT,732690,LDUEBK6,8PDKYER,99.0,66.0,64.693,LINE_MODE_10,33.6,Clear
99562790,2020-01-02,07:39:50,Import,SE,PORT_40,RS,901839,MQF0P6B,BCTIFJS,1630.5,5.0,5.206,LINE_MODE_40,67.9,Clear
58095731,2020-01-02,09:38:11,Import,JP,PORT_40,BG,950631,MQ8UVBH,7G104PH,12975.0,30.0,29.871,LINE_MODE_40,37.9,Clear
72377348,2020-01-02,22:57:08,Import,CN,PORT_40,CR,950300,KZQQLLU,YZLV2C4,196480.0,1600.0,1619.52,LINE_77BN4M,48.7,Clear
38958183,2020-01-02,23:31:03,Import,JP,PORT_20,TT,392690,TJ0SUA2,E0OSKO6,0.3,0.5,0.485,LINE_MODE_10,26.7,Clear
26613376,2020-01-02,04:52:16,Import,CN,PORT_40,RS,611030,L47OGO7,MU7NSIW,5837.12,62.9,62.787,LINE_MWIDNS,39.5,Clear
46835605,2020-01-02,19:33:25,Import,CH,PORT_20,IR,910219,S0XK6J5,X3S3PP4,315.54,0.1,0.101,LINE_MODE_10,52.4,Clear
37738859,2020-01-02,07:44:59,Import,CN,PORT_30,ZZ,901910,OT1NUHM,REPR4IS,946.4,182.0,187.769,LINE_MODE_40,61.6,Clear
48558371,2020-01-02,08:22:11,Import,ID,PORT_20,SV,401699,K69MR49,H40BV8D,126428.5,6985.0,6815.264,LINE_MODE_10,30.7,Clear
93938093,2020-01-02,23:02:53,Import,DE,PORT_40,PY,842199,U71WUN6,6QOKZS1,319.0,55.0,53.058,LINE_MODE_40,17.4,Clear
93098019,2020-01-02,19:57:39,Import,TH,PORT_20,IL,853641,64IKMJ1,OZB7KED,16053.75,1284.3,1222.268,LINE_MODE_10,14.8,Clear
79556341,2020-01-02,06:15:01,Import,CN,PORT_20,MN,091011,VZ8JFY8,39N2UXR,4512000.0,24000.0,24976.8,LINE_MODE_10,73.6,Clear
78991990,2020-01-02,18:53:10,Import,JP,PORT_20,KE,350691,OS43ICR,HV1AB1L,310.22,0.2,0.208,LINE_MODE_10,73.9,Clear
27310746,2020-01-02,01:55:06,Import,CN,PORT_40,SD,392690,CGN27K6,P9HG2N4,302.4,504.0,485.453,LINE_MODE_40,16.4,Clear
92210701,2020-01-02,17:21:01,Import,VN,PORT_20,PL,845150,PMEDQJ8,E44MM7Y,601200.0,1800.0,1729.26,LINE_MODE_10,20.8,Clear
19036276,2020-01-02,00:07:16,Import,NL,PORT_40,OM,392690,3GQAOA4,7TKBH6M,18.96,0.6,0.629,LINE_MODE_40,6.5,Clear
55100851,2020-01-02,07:03:31,Import,CN,PORT_20,CR,071080,S2VGP2T,8QESJW5,31824000.0,120000.0,124284.0,LINE_MODE_10,70.3,Clear
39065187,2020-01-02,15:38:27,Import,CN,PORT_20,RS,210390,KYY9NKU,AVOO0AW,486000.0,18000.0,17418.6,LINE_MODE_40,19.4,Clear
21827031,2020-01-02,13:39:51,Import,US,PORT_20,MT,330499,C2NJUKR,LX077P8,43447.71,162.3,169.717,LINE_W6UCD9,10.9,Clear
26076545,2020-01-02,19:49:05,Import,IT,PORT_40,NG,640399,2Z2POPJ,MSX9L0Y,1257.0,5.0,5.194,LINE_MODE_40,66.2,Clear
27008836,2020-01-02,06:43:16,Import,CN,PORT_40,MN,382499,5C2RPY6,DH4O31M,125000.0,10000.0,9038.6,LINE_MODE_10,21.7,Low Risk
55933132,2020-01-02,02:50:52,Import,SG,PORT_40,BG,732690,M1KRMOQ,LSITAA8,0.6,0.4,0.408,LINE_MODE_10,60.0,Clear
43497534,2020-01-02,03:02:54,Import,FR,PORT_20,MG,300630,KHZY7FK,QXPOJKV,1097.02,0.2,0.181,LINE_MODE_10,22.3,Low Risk
74776612,2020-01-02,05:08:52,Import,CN,PORT_40,WS,540761,E0BIR2P,PF1L1IG,16722.2,691.0,677.318,LINE_MODE_40,27.6,Clear
14935873,2020-01-02,15:19:13,Import,CN,PORT_120,ZZ,293139,L31A15G,584WE73,870300.0,1500.0,1462.05,LINE_KJ8YGQ,30.0,Clear
89262639,2020-01-02,14:34:39,Import,CN,PORT_40,CA,610910,5KVVCF1,5PDPMM1,624.0,40.0,42.717,LINE_MODE_40,115.8,Low Risk
42185163,2020-01-02,03:54:03,Import,CN,PORT_40,HU,940161,BSUHCD2,HV1AB1L,83797.6,5513.0,5401.086,LINE_MODE_40,27.3,Clear
55295049,2020-01-02,01:08:09,Import,CN,PORT_40,MT,070320,MV2TS4B,2162JQU,11649600.0,48000.0,47361.6,LINE_MODE_10,37.9,Clear
15510874,2020-01-02,19:38:34,Import,ES,PORT_30,PG,711311,ZG0M4ST,0XNKP0S,29.05,0.1,0.114,LINE_MODE_10,46.8,Low Risk
92700589,2020-01-02,14:13:49,Import,CN,PORT_40,LV,960310,JKWLP5F,7J9O5M7,8100.0,20.0,20.334,LINE_MODE_40,51.7,Clear
44059036,2020-01-02,06:53:16,Import,JP,PORT_16,LR,711719,IIX3C8X,CCZWU53,15.6,0.5,0.452,LINE_MODE_10,21.7,Low Risk
38614674,2020-01-02,02:41:54,Import,CN,PORT_16,GG,391810,PWNE9N4,6LCB8O7,21117753.6,108019.2,123340.643,LINE_MODE_10,46.8,Low Risk
73148389,2020-01-02,15:03:49,Import,CN,PORT_13,CA,551512,M5KYBBQ,BDHIVEX,1007.5,775.0,787.942,LINE_MODE_10,57.7,Clear
69898565,2020-01-02,20:36:05,Import,IT,PORT_40,JP,392410,GVRV184,8Y1PKR0,83.86,59.9,61.619,LINE_MODE_10,65.6,Clear
35185413,2020-01-02,09:31:33,Import,US,PORT_20,BR,382200,2Q61RC8,GFE4F5Y,20007.0,5.0,5.023,LINE_MODE_40,43.8,Clear
81166116,2020-01-02,15:44:36,Import,KR,PORT_30,OM,730721,ABC5TTW,6Y7C50F,2210.0,34.0,35.575,LINE_MODE_10,108.1,Low Risk
60596783,2020-01-02,07:34:23,Import,CN,PORT_20,BG,850511,H8JRSLI,MHL4F2V,5399.2,34.0,32.97,LINE_MODE_10,26.7,Clear
97788341,2020-01-02,01:21:41,Import,CN,PORT_20,MN,071080,P1TZXEU,UQT91IP,14073600.0,48000.0,49953.6,LINE_MODE_10,73.6,Clear
82390812,2020-01-02,13:32:12,Import,CN,PORT_16,HN,392690,E970KIJ,GGEFVY8,270.0,450.0,441.09,LINE_MODE_10,33.6,Clear
17795503,2020-01-02,03:39:43,Import,JP,PORT_140,PL,390710,SOJIKWS,YHJZ6P7,66898.0,332.0,335.22,LINE_MODE_10,53.1,Clear
43947541,2020-01-02,18:55:01,Import,CN,PORT_30,LB,071080,9ISMYBS,R4ZGF06,25194000.0,95000.0,101300.4,LINE_MODE_40,114.8,Low Risk
77786590,2020-01-02,12:03:10,Import,CN,PORT_30,MN,900211,EKTUG9G,RZM2Z77,2518.14,0.3,0.312,LINE_MODE_10,73.9,Clear
73776041,2020-01-02,07:16:41,Import,RU,PORT_20,ZZ,400231,O6A9WFE,3AUYF9E,196669620.0,204120.0,202221.684,LINE_MODE_10,40.6,Clear
82760341,2020-01-02,08:15:01,Import,US,PORT_30,OM,390230,BNKZU99,QU5WXTF,715400.0,3500.0,3642.45,LINE_MODE_10,73.6,Clear
34402386,2020-01-02,03:49:06,Import,CN,PORT_30,GU,850440,GGYZ5JZ,0IYY5O6,5907.8,27.1,28.271,LINE_MODE_10,75.2,Clear
11945430,2020-01-02,00:10:30,Import,CN,PORT_20,AT,620453,COVEFBY,3T5GEL3,2280.0,57.0,58.208,LINE_MODE_10,60.7,Clear
84170957,2020-01-02,04:21:17,Import,CN,PORT_40,IR,460211,O3T6YR6,INKZ5TX,1244.4,3.0,3.161,LINE_MODE_10,112.6,Low Risk
14511374,2020-01-02,04:40:14,Import,DE,PORT_20,PY,940389,FT3RAPQ,EBAHJLA,128.44,16.9,17.731,LINE_MODE_10,13.2,Clear
24359899,2020-01-02,08:42:19,Import,TW,PORT_20,NG,853340,AI1JGDK,37OCYAL,2302.5,1.0,1.182,LINE_MODE_10,56.3,Low Risk
86232348,2020-01-02,18:13:48,Import,JP,PORT_40,SV,950631,AV73P2C,0LWHLAN,25085.0,58.0,58.708,LINE_MWIDNS,48.7,Clear
10957814,2020-01-02,01:34:14,Import,RU,PORT_40,ZZ,210690,J37IKI5,DWNJQL8,82882.8,655.2,686.597,LINE_MWIDNS,103.1,Low Risk
54764652,2020-01-02,11:36:12,Import,CN,PORT_12,MG,392690,7TXA94X,GTTZC39,141984.0,1160.0,1054.974,LINE_B12OMY,11.0,Low Risk
29865321,2020-01-02,04:31:21,Import,JP,PORT_40,TH,880330,GSRPMYQ,ZBFN1VW,141492.78,59.8,56.852,LINE_MODE_40,8.2,Clear
40101451,2020-01-02,16:33:31,Import,NL,PORT_20,ZZ,851810,LASEQ2U,1CN7YRL,709.6,4.0,4.143,LINE_MODE_10,70.3,Clear
37260544,2020-01-02,07:13:04,Import,DE,PORT_20,NG,870323,ETFXTYP,S68QCAE,20127.5,2075.0,2468.918,LINE_MODE_10,93.8,Low Risk
23751881,2020-01-02,07:40:41,Import,US,PORT_10,CA,732690,D37MMAC,0H0CD3P,1.5,1.0,0.971,LINE_MODE_10,27.4,Clear
49200345,2020-01-02,13:45:45,Import,CN,PORT_121,UZ,700719,2GP42KA,O9KP52G,745.6,32.0,33.238,LINE_MODE_10,72.2,Clear
78420622,2020-01-02,15:22:22,Import,CN,PORT_13,HN,200899,N3BAC1Z,H1NXRII,961605.0,22950.0,23528.34,LINE_EIZP3I,63.3,Clear
93225831,2020-01-02,22:39:51,Import,GB,PORT_20,GN,701400,VHKN6JF,X89KW4V,21231.0,4.5,4.706,LINE_MODE_10,10.9,Clear
31625754,2020-01-02,13:19:54,Import,JP,PORT_20,LV,610910,P1Z8YE9,YRBDV0L,18.72,1.2,1.151,LINE_MODE_40,13.8,Clear
58991766,2020-01-02,14:12:06,Import,KR,PORT_80,SI,852869,NPFGI4O,RCUOKCG,7989.0,30.0,27.431,LINE_LC6XBR,13.0,Low Risk
10681065,2020-01-02,17:57:45,Import,TW,PORT_13,ES,853710,ZCP3HAI,4WSXDSK,51.6,2.0,1.793,LINE_MODE_10,31.2,Low Risk
84376314,2020-01-02,10:15:54,Import,CN,PORT_30,ES,620462,P8TSNHG,EKQ44YE,841.8,6.0,5.875,LINE_MODE_10,33.0,Clear
48281246,2020-01-02,20:23:26,Import,JP,PORT_40,GG,854370,H27ZHR5,REPR4IS,73529.4,250.1,253.401,LINE_MODE_10,55.4,Clear
23294817,2020-01-02,12:58:57,Import,CN,PORT_30,KR,070690,EC2A9OK,5VHPPAP,490960.0,1700.0,1704.59,LINE_MODE_10,48.5,Clear
51745607,2020-01-02,11:18:47,Import,KR,PORT_20,IL,390799,GHABQIR,1VRR8DV,19562.5,625.0,569.506,LINE_MODE_10,15.6,Low Risk
33812925,2020-01-02,15:28:45,Import,CN,PORT_30,OM,831000,PEJIV28,1NYE9WJ,62096.9,613.0,642.853,LINE_MODE_10,12.8,Clear
90009033,2020-01-02,18:18:33,Import,CZ,PORT_40,CA,853690,V9QJCEU,TBYU8IT,1545.46,8.3,8.256,LINE_MODE_10,43.2,Clear
84181532,2020-01-02,04:17:32,Import,CN,PORT_20,DJ,760692,52V8T8F,3EVLVZQ,13220623.8,19177.0,19564.375,LINE_MODE_10,60.0,Clear
79899680,2020-01-02,23:41:20,Import,CN,PORT_20,OM,620640,ZMZCHLV,4BJHN79,171.9,9.0,9.416,LINE_MODE_10,11.2,Clear
43855359,2020-01-02,17:26:39,Import,CN,PORT_30,UZ,621220,30IRK3W,9JRW3LC,27780.0,150.0,147.255,LINE_MODE_40,28.6,Clear
62289056,2020-01-02,13:26:56,Import,KR,PORT_16,AT,853710,B4CSXED,6WOOZSN,152.22,5.9,5.653,LINE_MODE_10,19.1,Clear
22097948,2020-01-02,00:27:08,Import,CN,PORT_12,FJ,392690,JMNZG20,GFV6951,24.48,40.8,48.284,LINE_MODE_10,56.7,Low Risk
84586715,2020-01-02,06:38:35,Import,TH,PORT_40,PL,691200,XAI29G0,902LILY,83525.02,827.8,830.863,LINE_MODE_40,43.1,Clear
55821771,2020-01-02,20:38:51,Import,DE,PORT_40,RS,680430,OPEXSZZ,67JQL56,618.1,7.0,6.83,LINE_MODE_10,30.7,Clear
92413517,2020-01-02,13:57:17,Import,GB,PORT_13,MG,621420,STESSHT,AA99GQK,1254.0,11.0,10.48,LINE_MWIDNS,9.5,Clear
29406412,2020-01-02,18:18:52,Import,IT,PORT_30,DJ,691390,CJ5H6X5,2PTXT45,27111.0,2582.0,2312.078,LINE_MODE_10,32.4,Low Risk
90076906,2020-01-02,07:37:46,Import,GB,PORT_131,FJ,220300,MUQ0FWO,4840UHS,1597.2,6.0,5.899,LINE_MODE_40,29.6,Clear
86170627,2020-01-02,15:09:07,Import,US,PORT_40,UZ,292121,2U8BLA7,LA199B6,9769968.0,9360.0,9806.472,LINE_MODE_10,12.2,Clear
21855508,2020-01-02,10:26:28,Import,CN,PORT_20,SD,850440,1ZNY80M,BBSMXYJ,15718.0,580.0,598.676,LINE_MODE_10,67.9,Clear
30569491,2020-01-02,16:47:31,Import,CN,PORT_40,HN,850519,TA0OJMW,T92NP86,1133.6,26.0,31.061,LINE_W6UCD9,95.3,Low Risk
94759552,2020-01-02,15:57:52,Import,CN,PORT_30,BG,940540,7QZWAW1,WA1B6MU,51.5,5.0,5.051,LINE_MODE_40,47.4,Clear
23331378,2020-01-02,19:44:18,Import,KR,PORT_20,NO,848690,SDHPMEN,TSKBFXJ,18336.0,32.0,34.455,LINE_MODE_50,5.5,Low Risk
28215396,2020-01-02,11:12:36,Import,CN,PORT_20,PG,854370,V8504BG,CSJ76A5,8.8,4.0,3.953,LINE_MODE_40,32.9,Clear
90331145,2020-01-02,12:19:05,Import,TH,PORT_30,HU,560391,7RZ1GGF,I72VWHG,243363.32,2810.2,2918.955,LINE_MODE_10,72.2,Clear
84906093,2020-01-02,20:49:33,Import,CN,PORT_20,HU,391890,D7D6GN8,DV61O8W,464.1,357.0,344.398,LINE_MODE_10,23.4,Clear
78224743,2020-01-02,13:33:43,Import,ID,PORT_20,UZ,401699,ZZVKMLD,9UP4MN8,126428.5,6985.0,6913.054,LINE_MODE_10,39.9,Clear
96607064,2020-01-02,23:01:44,Import,AU,PORT_16,PL,330499,0LK7J58,C0Q9IQC,17970.29,100.9,96.279,LINE_EIZP3I,10.5,Clear
84290152,2020-01-02,19:47:52,Import,CN,PORT_20,OM,960350,CKDMVA5,FG66YE1,63252.0,210.0,212.142,LINE_MODE_10,53.4,Clear
12607138,2020-01-02,11:26:58,Import,JP,PORT_20,TT,870340,414VU6J,I7YSPVY,10965040.0,1640.0,1586.208,LINE_MODE_10,25.0,Clear
85089225,2020-01-02,06:53:45,Import,CN,PORT_40,NO,482090,S95RAMD,OA2DR8O,1909.0,46.0,59.609,LINE_MODE_40,114.7,Critical
36460631,2020-01-02,11:53:11,Import,PL,PORT_40,LV,610990,HEUWBPW,5V7SNRW,622.2,3.0,3.137,LINE_MODE_40,4.9,Clear
44394688,2020-01-02,03:19:28,Import,CN,PORT_30,BA,821520,CGN97KB,6UFXB0N,426405.0,1050.0,1094.31,LINE_MODE_10,74.5,Clear
64642906,2020-01-02,22:37:46,Import,JP,PORT_20,HN,846693,7NM3239,2OQZJ37,431.94,13.8,13.568,LINE_MODE_10,35.6,Clear
24213348,2020-01-02,22:43:48,Import,BW,PORT_20,IR,710231,MTMOGMM,584WE73,371604.69,0.1,0.101,LINE_MODE_40,48.7,Clear
20174676,2020-01-02,01:40:36,Import,KR,PORT_10,BG,620469,66SGXCN,IWSDF6W,1916.8,4.0,4.073,LINE_MODE_10,10.1,Low Risk
43189016,2020-01-02,19:52:56,Import,CN,PORT_20,RS,851821,9KQBFDU,OLE92T7,390.0,30.0,29.346,LINE_MODE_10,32.3,Clear
85470631,2020-01-02,07:06:31,Import,BD,PORT_20,OM,610910,KWPWA4D,Z64QME2,109722.6,7033.5,7354.931,LINE_MODE_10,10.9,Clear
40135903,2020-01-02,09:19:43,Import,CN,PORT_30,OM,392690,TAIDJF6,1DWRP58,20.34,33.9,34.229,LINE_MODE_10,53.1,Clear
48232526,2020-01-02,22:51:26,Import,US,PORT_40,LV,901832,5C7NES7,86EQFBX,1357.08,4.3,4.185,LINE_MODE_40,23.0,Clear
73208902,2020-01-02,07:40:22,Import,IN,PORT_20,BA,853120,0FWF6T5,SHOW6QB,1636.7,2.6,2.852,LINE_MODE_10,36.2,Low Risk
26531862,2020-01-02,07:09:42,Import,CN,PORT_16,DJ,620630,4C6HKFI,W155IEF,8619.0,39.0,39.203,LINE_5V1OQR,50.1,Clear
51094986,2020-01-02,16:39:06,Import,CN,PORT_30,GU,670290,S3ZBMRH,5B17QOR,14727.51,506.1,527.964,LINE_MODE_10,75.2,Clear
27011547,2020-01-02,19:24:27,Import,MY,PORT_20,BG,850870,M31ALET,818J1DT,756.56,9.8,10.829,LINE_W6UCD9,32.1,Low Risk
77015642,2020-01-02,23:46:02,Import,CN,PORT_40,SV,950300,4643MYS,PUSWJI5,10575.6,84.0,85.277,LINE_EIZP3I,50.7,Clear
76891913,2020-01-02,03:59:53,Import,CN,PORT_41,JP,820590,D9O1GBD,OQGDWWP,256.8,4.0,3.819,LINE_MODE_40,10.8,Clear
57443469,2020-01-02,17:55:09,Import,CN,PORT_40,SD,291570,FS9CIUS,MJS3DUQ,8351.95,0.5,0.488,LINE_MWIDNS,25.3,Clear
99983786,2020-01-02,10:12:26,Import,CN,PORT_20,CA,860900,S9HPE7A,GU7LTCL,3042.0,260.0,271.232,LINE_MODE_10,75.2,Clear
17145583,2020-01-02,07:07:43,Import,US,PORT_40,GU,847989,SAD6I5L,OQY4ZUC,5428.5,2585.0,2506.674,LINE_MODE_40,20.7,Clear
88332449,2020-01-02,15:31:29,Import,VN,PORT_40,PG,630790,ZOTO4JM,7A58KST,8.74,3.8,3.749,LINE_MODE_40,31.9,Clear
58710148,2020-01-02,23:50:28,Import,JP,PORT_13,NG,310100,X0RGKP1,9TP2GES,206400.0,6000.0,6073.2,LINE_MODE_10,54.7,Clear
32424192,2020-01-02,01:55:12,Import,CN,PORT_30,WS,620463,R91R3MT,TVT2OXL,6580.0,100.0,99.02,LINE_MODE_10,40.2,Clear
91707442,2020-01-02,06:09:22,Import,CN,PORT_40,IL,392690,ALS1ANL,PF1L1IG,144.0,240.0,243.648,LINE_MWIDNS,50.7,Clear
48105176,2020-01-02,17:28:56,Import,CN,PORT_20,JP,870899,AABBL65,GLV0FEA,315.0,45.0,51.239,LINE_MODE_40,40.0,Low Risk
89117728,2020-01-02,10:23:28,Import,LB,PORT_10,HU,760200,SVC4RKJ,7I7DD3F,270872.0,27640.0,28253.608,LINE_MODE_40,55.3,Clear
48536614,2020-01-02,05:27:34,Import,JP,PORT_20,MN,382590,CT4P9GH,1VRR8DV,9672.0,1860.0,1914.312,LINE_MODE_10,66.0,Clear
44066821,2020-01-02,12:03:01,Import,NL,PORT_20,AM,010619,I4KZXAF,H3MBN3A,3312992.0,320.0,320.224,LINE_MODE_10,47.2,Clear
28077352,2020-01-02,13:07:52,Import,JP,PORT_10,GG,871410,W5UV7W8,PALC9H5,2654.1,27.0,27.275,LINE_MODE_10,53.4,Clear
30036648,2020-01-02,04:18:48,Import,CN,PORT_40,AT,630790,W70HNG8,Z2I27J4,12.65,5.5,5.292,LINE_MODE_40,15.7,Clear
63616168,2020-01-02,14:37:28,Import,IT,PORT_20,FJ,640399,9GY5EGD,1VRR8DV,452.52,1.8,1.804,LINE_MODE_10,48.1,Clear
16604624,2020-01-02,00:07:44,Import,MY,PORT_40,DJ,854110,ZD1VF2O,XE14BM6,5790.9,58.2,52.36,LINE_MODE_40,21.8,Low Risk
38335000,2020-01-02,03:16:40,Import,CN,PORT_30,SD,611030,B4CSXED,P4S65J3,1299.2,14.0,13.807,LINE_MODE_10,37.6,Clear
10467487,2020-01-02,22:30:07,Import,EE,PORT_40,KR,440910,1OLM1E6,0OD711C,15295430.0,61700.0,62792.09,LINE_MODE_10,58.4,Clear
92144635,2020-01-03,15:23:55,Import,TW,PORT_30,GU,950300,T248XWP,PQHBOD5,58.8,98.0,104.97,LINE_MODE_10,73.5,Low Risk
14809441,2020-01-03,09:00:01,Import,TW,PORT_40,BA,851762,17PXB26,4VQJR65,24485.49,0.9,1.003,LINE_H35Z1A,34.3,Low Risk
20176543,2020-01-03,17:03:43,Import,US,PORT_20,KR,732690,DTBL7MH,V7U393R,1.65,1.1,1.089,LINE_MODE_10,39.9,Clear
46105133,2020-01-03,00:06:53,Import,DE,PORT_40,HN,300490,ANR8FQL,67R6AK9,22240.0,80.0,83.576,LINE_A5IT1U,4.2,Clear
73143749,2020-01-03,00:26:29,Import,CN,PORT_30,BR,560749,AFIOC3F,1DWRP58,184.0,2.0,2.073,LINE_MODE_40,64.9,Clear
97103775,2020-01-03,02:16:15,Import,CN,PORT_20,CA,842230,H8JRSLI,52EEJFQ,1400.6,47.0,45.764,LINE_MODE_10,29.3,Clear
70318088,2020-01-03,22:56:08,Import,CN,PORT_20,MT,621430,1UVRL3Y,E6PSKLI,9621.0,90.0,93.798,LINE_MODE_10,74.5,Clear
67924555,2020-01-03,07:35:55,Import,US,PORT_20,PY,490199,XHV11Q2,7JUUMOF,14.76,4.1,4.033,LINE_MODE_40,29.9,Clear
73255665,2020-01-03,07:47:45,Import,IT,PORT_40,IR,854460,W512Z31,G9NJANK,5341833.5,1985.0,1779.572,LINE_MODE_40,25.2,Low Risk
95329118,2020-01-03,12:26:38,Import,CN,PORT_20,CL,291990,A0SQ37Q,LTMCLCO,66864000.0,80000.0,78176.0,LINE_MODE_10,31.6,Clear
47897240,2020-01-03,22:07:20,Import,JP,PORT_40,HU,490290,QBIH1EB,IWSDF6W,187.32,0.3,0.29,LINE_MODE_10,24.4,Clear
14394398,2020-01-03,02:34:38,Import,US,PORT_40,SV,940540,PPSJGCS,BXMTYM2,59.74,5.8,6.016,LINE_MODE_40,65.2,Clear
26835591,2020-01-03,04:55:51,Import,SK,PORT_40,BG,180690,V4QWYCI,PZUJ0PF,3690.0,20.0,18.112,LINE_MODE_40,14.2,Low Risk
53805030,2020-01-03,03:50:30,Import,CN,PORT_40,FJ,830610,BES92ZL,8AUO3AT,27410.2,62.0,63.314,LINE_MODE_40,54.7,Clear
17352633,2020-01-03,11:58:33,Import,TW,PORT_30,BA,290539,FNU2PV2,6PJNE6G,4064000.0,16000.0,15915.2,LINE_MODE_10,43.2,Clear
33444563,2020-01-03,05:17:23,Import,CN,PORT_30,SI,911490,XCRQXOK,23RIU88,329.6,16.0,15.675,LINE_MODE_10,33.3,Clear
76409975,2020-01-03,11:19:35,Import,PL,PORT_30,UG,940490,U11YGMA,EE250R0,2797.41,121.1,117.915,LINE_MODE_10,29.3,Clear
65478982,2020-01-03,20:28:22,Import,CN,PORT_40,JP,392690,PY5GV7G,VMC3S6R,4.2,7.0,7.316,LINE_MODE_10,10.5,Clear
44904565,2020-01-03,11:09:25,Import,CN,PORT_40,IL,420292,5IPYRXS,9AU45GN,828.0,1380.0,1419.606,LINE_MODE_40,59.6,Clear
80341420,2020-01-03,19:43:40,Import,CN,PORT_40,IR,853650,ZA552GP,OJSCAW7,3074.4,252.0,246.002,LINE_EIZP3I,25.0,Clear
63787515,2020-01-03,07:45:15,Import,CN,PORT_20,GN,071080,6XKEQIG,EFJR7PT,14073600.0,48000.0,48177.6,LINE_MODE_10,49.1,Clear
93798909,2020-01-03,20:39:09,Import,IT,PORT_20,WS,220299,F8LKAA7,7CAQKTO,999339.12,15421.9,14754.132,LINE_MODE_40,12.1,Clear
36618722,2020-01-03,18:24:02,Import,CN,PORT_20,NO,854390,H6TIJBY,WBQKENF,33904.92,1873.2,1826.745,LINE_MODE_10,30.3,Clear
95462959,2020-01-03,19:33:19,Import,CN,PORT_21,PY,281121,NSO2KFH,6MT71FG,3105423.36,16588.8,16285.225,LINE_MAD31N,28.6,Clear
82250704,2020-01-03,16:29:04,Import,CN,PORT_20,UZ,620469,EVN40SJ,T49KX8D,335.44,0.7,0.724,LINE_MODE_10,69.3,Clear
49232341,2020-01-03,22:55:01,Import,CN,PORT_30,UG,392690,GKVI35P,P75IAMO,61.2,102.0,106.151,LINE_MODE_10,73.6,Clear
66329066,2020-01-03,13:40:26,Import,KR,PORT_30,BR,848210,EEQGYJQ,C0VTB1Z,8.19,0.3,0.301,LINE_MODE_40,42.8,Clear
31347148,2020-01-03,23:00:28,Import,US,PORT_40,SV,392690,CX8LOPF,DWNJQL8,1.8,3.0,3.037,LINE_MODE_40,48.7,Clear
36222091,2020-01-03,18:57:31,Import,CN,PORT_20,IL,640299,9FDNQWE,7PN0VA5,118528.4,1153.0,1377.42,LINE_MODE_10,95.3,Low Risk
18148187,2020-01-03,10:41:47,Import,CO,PORT_20,ES,060312,P12ECLQ,W5WQQV8,65560.0,50.0,48.385,LINE_VZIZJJ,19.4,Clear
45784881,2020-01-03,10:37:21,Import,IT,PORT_40,GG,420221,NKD4MGK,MNPLCHZ,1386.0,45.0,43.682,LINE_MODE_10,27.4,Clear
21219698,2020-01-03,06:29:38,Import,CN,PORT_40,TH,120190,4LXL03W,4LLCH3T,8580000.0,20000.0,19744.0,LINE_MODE_40,32.2,Clear
16316084,2020-01-03,03:58:44,Import,CN,PORT_40,PY,851770,PT98SSF,9SZTR8D,111.06,0.6,0.643,LINE_W6UCD9,67.8,Low Risk
96837367,2020-01-03,22:08:07,Import,PH,PORT_40,AM,853939,VPJEDVV,L2SX065,23315.2,32.0,31.286,LINE_MODE_40,26.0,Clear
47215882,2020-01-03,15:23:22,Import,CN,PORT_40,FJ,640192,EVV1CFG,3BNTRKZ,301755.2,452.0,449.83,LINE_MODE_40,37.5,Clear
63846467,2020-01-03,00:39:47,Import,US,PORT_20,MG,470720,P9O480R,L2SX065,2534553.2,32831.0,33740.419,LINE_MODE_10,65.0,Clear
10967019,2020-01-03,13:47:39,Import,US,PORT_30,EC,253090,XUFYI6X,FYYNMB9,18360.0,612.0,582.44,LINE_MODE_10,14.8,Clear
65694383,2020-01-03,07:34:23,Import,CN,PORT_40,TH,950300,SEQG8MG,PIO268D,77604.0,1160.0,1124.852,LINE_MODE_40,20.7,Clear
80483668,2020-01-03,00:02:28,Import,CN,PORT_20,IL,620892,1GI3ZG9,7YVV2EU,826.0,10.0,9.151,LINE_MODE_10,12.4,Low Risk
21300918,2020-01-03,03:43:18,Import,CN,PORT_30,NO,700719,SOO5K5K,MN6GUJK,104.85,4.5,4.397,LINE_MODE_10,31.6,Clear
41054204,2020-01-03,11:40:44,Import,KR,PORT_40,KZ,720410,0MDP1LN,0KYIOTQ,138128.0,14240.0,15576.282,LINE_MODE_10,35.4,Low Risk
44899332,2020-01-03,15:14:12,Import,CN,PORT_20,BG,070310,ZAGEEFD,IN763PF,1136400.0,12000.0,12242.4,LINE_MODE_10,60.0,Clear
87612160,2020-01-03,11:22:40,Import,DE,PORT_40,OM,870899,LMCLCME,AFYKNKR,71.4,10.2,10.263,LINE_MODE_40,44.8,Clear
74111719,2020-01-03,16:39:19,Import,IT,PORT_23,TH,732690,M3TTHJ4,BU3MEX3,300.0,200.0,200.34,LINE_MODE_50,43.8,Clear
30885481,2020-01-03,02:34:01,Import,CN,PORT_20,PG,640291,F6874AN,YDJDL79,415450.4,1262.0,1225.023,LINE_MODE_10,27.4,Clear
14270176,2020-01-03,16:12:16,Import,US,PORT_30,MG,640299,MXK5ZVH,64431AT,1201.05,4.5,5.82,LINE_MODE_10,119.8,Critical
29052183,2020-01-03,15:51:03,Import,TH,PORT_40,UG,030751,8QRFOJL,RGS85YY,8046.0,3.0,2.909,LINE_MODE_40,20.7,Clear
55482855,2020-01-03,16:54:15,Import,JP,PORT_20,EC,320890,NZS7IF6,BVU01MU,812664.84,2432.4,2566.474,LINE_MODE_10,113.7,Low Risk
20853959,2020-01-03,09:29:59,Import,IN,PORT_13,AM,350400,6BSNH2Y,67F0O6D,1474120.0,400.0,392.68,LINE_MODE_10,34.6,Clear
74101037,2020-01-03,15:09:17,Import,CN,PORT_20,KR,630790,P4JZFV9,UNCISOP,289.8,126.0,125.08,LINE_MODE_40,35.9,Clear
52092452,2020-01-03,10:39:32,Import,CN,PORT_39,MT,070310,LGPOEPF,V6A1WBG,2272800.0,24000.0,23044.8,LINE_VZIZJJ,14.4,Clear
41190664,2020-01-03,18:55:04,Import,CN,PORT_20,BR,300510,488Z71H,30KWO4D,1025329.5,663.0,605.757,LINE_MODE_10,13.6,Low Risk
38679712,2020-01-03,06:13:52,Import,CN,PORT_10,NO,611030,XMVP2OB,SS29G39,61712.0,665.0,697.931,LINE_MODE_10,110.1,Low Risk
49404961,2020-01-03,10:52:01,Import,JP,PORT_40,GN,620343,KY6DLPY,9HLWQO6,434.72,2.2,2.268,LINE_EIZP3I,61.0,Clear
44290528,2020-01-03,14:23:28,Import,CN,PORT_56,NG,851762,J2TXALG,BW2K6ZS,957.53,0.7,0.716,LINE_LC6XBR,55.3,Clear
73453349,2020-01-03,14:26:29,Import,CN,PORT_41,BR,230310,GVX9234,ZQ5VJ3S,4970000.0,50000.0,51835.0,LINE_MODE_10,70.9,Clear
30354658,2020-01-03,13:18:58,Import,CN,PORT_40,NG,950300,YQP2SA7,Z64QME2,45362.32,369.4,372.06,LINE_MODE_40,45.4,Clear
98361527,2020-01-03,16:10:47,Import,CN,PORT_40,MT,670210,USZKXON,CZXGQEJ,20059.0,7715.0,8772.264,LINE_W6UCD9,45.7,Low Risk
12474680,2020-01-03,22:31:20,Import,GB,PORT_40,LB,701400,FTCY5U1,4KM1XJD,21231.0,4.5,4.708,LINE_MODE_40,5.2,Clear
70376112,2020-01-03,08:07:12,Import,TW,PORT_40,FJ,850152,CPRKW7S,KJUQKOC,298.92,21.2,21.84,LINE_MODE_40,60.6,Clear
52282463,2020-01-03,18:02:23,Import,CN,PORT_13,CL,844399,4RL6DKJ,L8H4Y78,2660.0,40.0,41.949,LINE_I4FFXR,109.6,Low Risk
66690742,2020-01-03,21:04:22,Import,BA,PORT_30,GU,621149,UYM9MVA,ZU3599W,261.2,2.0,1.812,LINE_MODE_40,13.9,Low Risk
34373341,2020-01-03,23:25:01,Import,IE,PORT_40,JP,382499,YBBG8OD,ZZPCNEC,19985.0,1598.8,1663.871,LINE_H35Z1A,67.6,Clear
42320973,2020-01-03,23:37:33,Import,CN,PORT_39,GG,391810,KTISDC6,JZLMP6Q,4745.0,50.0,52.036,LINE_MODE_10,104.5,Low Risk
38618961,2020-01-03,04:05:21,Import,US,PORT_20,MT,853710,MNY8XSB,ZYZ8542,15.48,0.6,0.618,LINE_FIE6KV,61.0,Clear
21183143,2020-01-03,19:20:23,Import,DE,PORT_62,CL,870340,1IDNEDO,FUIKBJ6,3537275.0,2050.0,2028.885,LINE_MODE_10,39.9,Clear
34066690,2020-01-03,07:38:10,Import,JP,PORT_20,BA,848690,TVIMF51,1DAO67Z,6899.2,14.0,13.877,LINE_MODE_10,40.9,Clear
40795408,2020-01-03,11:31:28,Import,CN,PORT_33,BR,853890,X1FP5YG,F2SD6OI,46756.17,141.3,138.785,LINE_MODE_10,34.9,Clear
17348426,2020-01-03,07:56:26,Import,RO,PORT_40,FJ,420231,5P44PNC,RV8UVD7,1248.7,1.0,1.023,LINE_MWIDNS,56.0,Clear
72518694,2020-01-03,08:28:54,Import,CA,PORT_20,TT,853710,EPIIL7G,QQCZLLU,769069.65,2559.3,2531.66,LINE_MODE_10,39.6,Clear
48727617,2020-01-03,13:38:57,Import,CN,PORT_20,HN,621710,4YYQLMO,8FQMKT5,7.5,5.0,5.014,LINE_MODE_10,48.5,Clear
88186439,2020-01-03,08:57:59,Import,CN,PORT_40,BR,702000,URF2YG7,UR5KXFP,4280.0,100.0,106.792,LINE_W6UCD9,115.8,Low Risk
38083516,2020-01-03,11:01:16,Import,CN,PORT_30,UG,950790,N22SE2Z,HGOZVPV,2904.0,120.0,125.558,LINE_MWIDNS,102.1,Low Risk
80270017,2020-01-03,18:05:37,Import,JP,PORT_20,GN,330499,I9O7ECO,WJDBGJ1,1338.5,5.0,5.014,LINE_MODE_10,48.5,Clear
97010856,2020-01-03,05:03:36,Import,US,PORT_40,BR,847160,FKI38G6,ZNA4205,1920.98,13.9,13.319,LINE_MODE_40,13.1,Clear
43450942,2020-01-03,21:34:22,Import,DE,PORT_20,JP,870332,S43PZ2R,9056PRZ,10308614.4,1776.0,1714.195,LINE_MODE_10,23.7,Clear
75263350,2020-01-03,07:09:10,Import,CN,PORT_20,MN,321310,ANR8FQL,9UP4MN8,218587.6,6644.0,5552.789,LINE_MODE_10,18.9,Critical
11343784,2020-01-03,08:07:04,Import,CN,PORT_40,KR,902580,3TPN032,OZB7KED,57570.38,32.2,36.252,LINE_W6UCD9,37.0,Low Risk
99724341,2020-01-03,13:48:21,Import,CN,PORT_40,RS,392690,EZ2NVHR,AP43H42,6.0,10.0,10.663,LINE_MWIDNS,114.8,Low Risk
30401386,2020-01-03,07:05:46,Import,CN,PORT_16,WS,392690,VYMPHU3,2J22LO0,79.5,132.5,138.224,LINE_MODE_10,75.2,Clear
22746704,2020-01-03,10:15:44,Import,CN,PORT_16,IR,854370,8LI0YX1,D2KXK7Z,5007780.0,1800.0,1861.56,LINE_MODE_40,63.3,Clear
25933971,2020-01-03,06:28:51,Import,CN,PORT_40,BA,560311,EZAQHIU,584WE73,19320.0,100.0,97.57,LINE_MODE_10,30.7,Clear
92308827,2020-01-03,21:32:27,Import,CN,PORT_40,PL,600621,V0UTN69,XE14BM6,3739.5,15.0,15.716,LINE_MODE_40,6.2,Clear
45914717,2020-01-03,01:37:17,Import,US,PORT_30,IR,621149,2ECFR8P,NGQTKZ0,130.6,1.0,0.953,LINE_MODE_40,9.5,Clear
39997723,2020-01-03,22:56:43,Import,CN,PORT_20,BA,321290,V5XGXT2,IRVP0EW,7393230.0,12780.0,12776.166,LINE_MODE_10,46.5,Clear
67397768,2020-01-03,03:44:08,Import,CN,PORT_40,EC,848320,PVXH6XX,PF1L1IG,3185.5,5.0,5.011,LINE_MODE_40,42.1,Clear
55295708,2020-01-03,06:03:08,Import,CN,PORT_20,AT,871680,3WDK65Q,TNBC1SB,104897.1,4389.0,4530.326,LINE_MODE_10,67.9,Clear
68926358,2020-01-03,22:20:38,Import,DE,PORT_16,MG,902750,ZVF9SKN,51PVQF9,184096.8,108.0,98.448,LINE_MODE_10,15.3,Low Risk
98768529,2020-01-03,21:06:09,Import,VN,PORT_62,SI,030389,7WN32S6,6RJ73N8,728611.2,3888.0,4183.177,LINE_MODE_50,5.2,Low Risk
53665802,2020-01-03,01:42:02,Import,IL,PORT_40,PL,170260,Q3XFI0F,530LFCI,9553950.0,18900.0,19565.28,LINE_MODE_40,63.9,Clear
27769522,2020-01-03,21:37:22,Import,CN,PORT_20,LB,620462,RS1056O,U3EY1VG,14030.0,100.0,97.52,LINE_MODE_10,30.3,Clear
13561370,2020-01-03,02:22:50,Import,CA,PORT_30,AT,970300,138KM8T,XDHNXJT,550.0,10.0,9.512,LINE_MODE_10,14.5,Clear
94362439,2020-01-03,01:51:19,Import,DE,PORT_40,CA,870332,MUMWHS0,IS1YATG,10308614.4,1776.0,1850.059,LINE_MWIDNS,68.2,Clear
40307197,2020-01-03,09:18:37,Import,CN,PORT_20,GG,732690,H7EJVG8,41W8AHR,1.5,1.0,1.185,LINE_MODE_40,51.1,Low Risk
14578348,2020-01-03,21:00:28,Import,CN,PORT_20,TH,854442,PAK8E37,7FXU7LM,56.81,1.9,1.923,LINE_MODE_10,54.7,Clear
98052257,2020-01-03,00:16:17,Import,US,PORT_20,DJ,720890,RQKL0U3,6VO7JPR,295848.0,2348.0,2098.431,LINE_MODE_40,28.3,Low Risk
51658849,2020-01-03,17:44:49,Import,CN,PORT_20,GN,851712,LM2WHLI,H7G7RL6,43618200.0,3000.0,2960.1,LINE_MODE_10,37.9,Clear
46017138,2020-01-03,09:20:18,Import,CN,PORT_20,PG,950490,OOQSBKL,OPHEOYO,1467.75,28.5,25.78,LINE_MODE_10,21.1,Low Risk
64115119,2020-01-03,15:49:19,Import,CN,PORT_20,NG,071080,HS68S6Z,74I92YB,26520000.0,100000.0,100170.0,LINE_MODE_10,47.8,Clear
85229923,2020-01-03,11:26:43,Import,CN,PORT_39,CL,711719,AOFDT3U,HHP9YCV,312.0,10.0,9.997,LINE_VZIZJJ,40.5,Clear
35882915,2020-01-03,05:48:35,Import,CN,PORT_20,HN,121190,T2X45B6,F4RJ458,163080.0,2700.0,2709.99,LINE_MODE_10,49.1,Clear
64148409,2020-01-03,04:24:09,Import,JP,PORT_10,MN,392330,LDWHUFW,3L4N43S,48.48,4.8,4.832,LINE_W6UCD9,47.1,Clear
23972747,2020-01-03,04:37:47,Import,JP,PORT_16,LR,848790,PS93ZDU,J65XC6Z,477.6,1.0,0.988,LINE_MODE_10,38.6,Clear
33987698,2020-01-04,17:09:38,Import,CN,PORT_20,GN,630710,KDFEUV4,IAYRECO,56800.0,8000.0,7897.6,LINE_MODE_10,38.2,Clear
39756329,2020-01-04,18:09:29,Import,CH,PORT_30,AM,847990,ZS3SNS5,ZIEW69Y,1410399.3,6249.0,6540.828,LINE_MODE_40,5.5,Clear
79435996,2020-01-04,01:49:16,Import,CN,PORT_20,LR,610832,A43RAKG,DIRZ642,174812.24,346.3,342.214,LINE_MODE_10,38.9,Clear
47195087,2020-01-04,11:16:47,Import,VN,PORT_33,UG,853400,HS68S6Z,G08G1SQ,68.2,2.2,2.239,LINE_MODE_50,54.4,Clear
94359915,2020-01-04,12:05:15,Import,CN,PORT_20,SD,120799,U96B9MG,7WZLDU4,35512650.0,47700.0,47876.49,LINE_MODE_40,43.1,Clear
33155803,2020-01-04,10:24:43,Import,CA,PORT_40,NO,120190,JW050ZI,DE68XNG,44279215.0,158650.0,152256.405,LINE_MODE_10,20.1,Clear
86497916,2020-01-04,14:07:56,Import,CN,PORT_40,SV,392610,708A72F,O9BOQPF,359.73,2.1,2.159,LINE_MODE_10,65.3,Clear
65292912,2020-01-04,12:07:12,Import,IL,PORT_40,PY,900190,BJB9V1T,UX4NJ8S,36.12,0.4,0.412,LINE_H35Z1A,66.6,Clear
39796703,2020-01-04,13:46:23,Import,DE,PORT_20,RS,691390,D2D2PYB,OA2DR8O,24.15,2.3,2.322,LINE_MODE_10,53.1,Clear
79355417,2020-01-04,22:42:17,Import,CN,PORT_16,PY,071080,SEFR2W3,A2N40WL,7183400.0,24500.0,24566.15,LINE_MODE_10,48.5,Clear
73695249,2020-01-04,16:18:09,Import,DE,PORT_20,PG,870830,9F3QJHL,JTNY3VW,611865.6,5952.0,5872.838,LINE_MODE_10,37.9,Clear
12827065,2020-01-04,00:44:25,Import,CN,PORT_20,LB,950631,7T8RJ42,VPTCMWE,14705.0,34.0,33.276,LINE_MODE_40,26.6,Clear
52210778,2020-01-04,07:07:38,Import,CH,PORT_62,CR,850990,V8XLCEA,IIWKQTD,3.22,1.4,1.466,LINE_BYQQ2F,5.8,Clear
61395455,2020-01-05,16:37:35,Import,PK,PORT_30,NG,901849,51SH41B,Q76GSBR,65340.0,150.0,155.055,LINE_MODE_10,68.9,Clear
84393073,2020-01-05,04:59:13,Import,CN,PORT_40,BA,294190,Z19EZE9,WKHBNJB,759.03,0.1,0.097,LINE_XBN95M,24.0,Clear
70687235,2020-01-05,17:40:35,Import,US,PORT_30,NO,850440,7DWBR9U,06UC9UN,2529.96,5.8,6.053,LINE_MODE_10,75.5,Clear
69373231,2020-01-05,23:36:31,Import,CA,PORT_20,EC,470790,A8OA6KX,CRN9KR0,592800.0,76000.0,79473.2,LINE_MODE_10,10.9,Clear
59485908,2020-01-05,12:39:48,Import,PR,PORT_20,IL,901839,YLY7WIH,GQYT6GB,356.5,2.5,2.58,LINE_MODE_40,61.9,Clear
65920127,2020-01-05,04:40:47,Import,CN,PORT_40,IL,320411,Q6JBF3M,I65WF9G,651525.0,1750.0,1745.975,LINE_MODE_10,45.2,Clear
56184246,2020-01-05,10:20:06,Import,CH,PORT_30,MT,901850,CPY0O19,V3N2APV,3197.28,0.6,0.608,LINE_MODE_10,55.4,Clear
54409623,2020-01-05,11:35:03,Import,JP,PORT_41,UZ,390440,M3CVDBZ,G2Y1HV8,3965010.0,23900.0,25087.83,LINE_OY910J,9.5,Clear
54732257,2020-01-05,06:56:17,Import,DE,PORT_40,NO,940360,W5M1HP6,EA7FKZ3,681.6,96.0,85.796,LINE_MODE_10,34.3,Low Risk
61266020,2020-01-05,03:40:20,Import,CN,PORT_16,UG,621710,2PFPAVE,CK29GEY,180.0,120.0,107.791,LINE_MODE_10,29.3,Low Risk
44725348,2020-01-05,11:10:28,Import,CN,PORT_10,MT,071190,B9OUTCW,PFZ71IL,2502400.0,34000.0,34414.8,LINE_MODE_50,50.7,Clear
87281600,2020-01-05,18:13:20,Import,JP,PORT_20,LV,960830,N808ZK0,E3HZLCE,5797.0,10.0,9.862,LINE_MODE_40,31.6,Clear
74011039,2020-01-05,20:41:19,Import,CN,PORT_13,EC,070320,CGYT6GN,ODW2L91,5824800.0,24000.0,25630.08,LINE_MODE_10,121.8,Low Risk
78682427,2020-01-05,17:45:47,Import,CN,PORT_30,ZZ,640299,74BUTSY,FWI4OC7,40835.7,153.0,160.298,LINE_MODE_40,6.2,Clear
65890927,2020-01-05,09:54:07,Import,KR,PORT_30,CR,900120,7GQ4J6F,MM2STTN,896.22,2.6,2.594,LINE_MODE_40,39.2,Clear
88374724,2020-01-05,17:36:04,Import,RU,PORT_10,CR,270111,PRCHNGI,9B08URL,630810000.0,16300000.0,16694460.0,LINE_MODE_10,62.7,Clear
88776339,2020-01-05,03:29:39,Import,CN,PORT_30,JP,854370,QB63PP8,7R46TCK,380.52,15.1,14.975,LINE_MODE_30,37.2,Clear
95616652,2020-01-05,10:02:52,Import,CN,PORT_40,UZ,611596,0JEG678,99ZG2WK,1112.52,76.2,73.167,LINE_MODE_40,14.4,Clear
48560343,2020-01-05,18:47:03,Import,KR,PORT_30,HU,901812,Z603EM8,S16GKIV,4748.5,1.0,0.99,LINE_MODE_40,33.9,Clear
22403367,2020-01-06,23:21:27,Import,CN,PORT_30,SI,847180,R6PB354,IXONETF,2862.92,3.8,3.409,LINE_MODE_10,30.5,Low Risk
24601692,2020-01-06,09:00:12,Import,IT,PORT_20,MT,853710,FT54KKZ,1DFQU9H,636606.0,180.0,191.794,LINE_MODE_40,114.3,Low Risk
61600943,2020-01-06,06:30:23,Import,CN,PORT_20,UZ,611780,N775WEM,HATEZM8,7552.0,118.0,116.785,LINE_MODE_10,39.9,Clear
10808195,2020-01-06,00:36:35,Import,CN,PORT_20,MT,392310,FX18CFK,2QGMN6N,0.64,0.2,0.193,LINE_MWIDNS,22.7,Clear
53765873,2020-01-06,12:05:53,Import,CN,PORT_14,CR,841459,WF24276,QVWM9ZU,23204.2,362.0,291.794,LINE_MODE_10,40.0,Critical
73735220,2020-01-06,03:20:20,Import,CN,PORT_40,MG,391190,S5NMKYO,KWWYNXR,7095000.0,17200.0,16790.64,LINE_MODE_10,31.0,Clear
98874535,2020-01-06,16:48:55,Import,CN,PORT_40,AM,640299,UMB4N64,4YNG3MB,2669.0,10.0,9.937,LINE_MODE_10,42.5,Clear
75047786,2020-01-06,03:32:26,Import,CN,PORT_40,TH,850440,JDFIERP,LHHSM96,2181.0,5.0,5.352,LINE_MODE_10,87.4,Low Risk
90767388,2020-01-06,13:57:48,Import,SK,PORT_20,GU,820559,LUECPT8,XUR1GYY,2096.5,119.8,134.109,LINE_MODE_10,41.5,Low Risk
11267025,2020-01-06,04:43:45,Import,CN,PORT_20,LB,391690,3BFUK83,VVFLVNF,982273.95,1096.9,1250.729,LINE_MODE_10,46.4,Low Risk
69132398,2020-01-06,15:34:38,Import,CN,PORT_40,NO,950670,QD86XU7,43MSLZK,358530.0,570.0,591.204,LINE_MODE_10,71.2,Clear
51010701,2020-01-06,02:14:21,Import,US,PORT_40,MT,810890,BMUEU6V,1VV0DY9,617589.0,210.0,201.747,LINE_MODE_10,20.8,Clear
17577906,2020-01-06,18:21:06,Import,CN,PORT_30,BG,392690,NCZMDTX,YTDLKQI,141984.0,1160.0,1036.298,LINE_MODE_40,28.6,Low Risk
24441403,2020-01-06,21:44:43,Import,CN,PORT_33,RS,252520,TV5N0YB,Z9NWUE5,4071000.0,30000.0,28791.0,LINE_MODE_40,14.1,Clear
75470606,2020-01-06,12:59:26,Import,CN,PORT_40,MT,851762,NKE45NQ,UM0A3XS,63.84,0.7,0.723,LINE_MODE_10,68.6,Clear
26412064,2020-01-06,01:45:04,Import,CN,PORT_40,DJ,732189,1ST6R17,8HJMI9Z,8550.0,500.0,477.1,LINE_MODE_40,10.5,Clear
69720614,2020-01-06,04:34:14,Import,CN,PORT_40,SD,392640,JZUMDAD,RZM2Z77,7.02,1.8,1.853,LINE_MODE_40,60.0,Clear
60815918,2020-01-06,01:26:38,Import,CN,PORT_20,GG,950699,2QL9CAP,GFVFFGL,51109.8,849.0,829.643,LINE_MODE_10,31.6,Clear
43262253,2020-01-06,13:05:33,Import,HU,PORT_40,PL,841459,EMK8NJ5,UNCISOP,32.05,0.5,0.492,LINE_MODE_10,36.6,Clear
51893192,2020-01-06,15:18:32,Import,CN,PORT_20,BR,340590,AGYJXK2,ESXC0VA,13370.5,85.0,94.608,LINE_77BN4M,40.0,Low Risk
86841405,2020-01-06,17:36:45,Import,TW,PORT_40,MG,390690,ZNOKRZT,Y9H9POV,325920.0,5600.0,5648.72,LINE_MODE_40,46.4,Clear
34368201,2020-01-06,07:19:21,Import,CN,PORT_30,GU,071080,3GBOOWX,DV61O8W,1326000.0,5000.0,5053.5,LINE_MODE_10,53.8,Clear
43502794,2020-01-06,03:10:34,Import,KR,PORT_40,ZZ,590390,JDYKXA6,DCNCHEK,144552.24,4489.2,4665.177,LINE_MODE_40,66.6,Clear
49241212,2020-01-06,23:58:52,Import,CN,PORT_20,MN,401699,LH8Q1WL,0FN66PF,35077.8,1938.0,1735.401,LINE_MODE_10,32.4,Low Risk
75312706,2020-01-06,18:27:46,Import,CN,PORT_40,NG,420292,MVT99X6,T92NP86,828.0,1380.0,1356.816,LINE_MODE_40,29.6,Clear
73849772,2020-01-06,06:21:32,Import,NL,PORT_33,MG,853710,C71QWW2,AUPGABD,601.0,2.0,2.0,LINE_MODE_10,46.8,Clear
19198712,2020-01-06,05:30:32,Import,VN,PORT_20,GG,853400,C15EYER,P5KJOIV,160217.5,95.0,97.869,LINE_MODE_40,60.6,Clear
93793978,2020-01-06,03:20:58,Import,CN,PORT_40,HU,071080,9Z2H1D6,2FZMZJH,15912000.0,60000.0,62832.0,LINE_MODE_10,11.8,Clear
15657278,2020-01-06,17:22:38,Import,JP,PORT_30,LR,847480,2X3D9AP,VIV9J0N,22623.6,17.0,16.952,LINE_MODE_10,44.8,Clear
67637098,2020-01-06,09:32:58,Import,CN,PORT_20,FJ,490199,EZDRBIB,26JHGAT,1085.4,6.7,7.393,LINE_MODE_10,37.7,Low Risk
98794104,2020-01-06,17:12:24,Import,US,PORT_10,HU,200931,J4HE1D5,CHCPKIS,1034280.0,1800.0,1861.56,LINE_MODE_10,69.3,Clear
99552271,2020-01-06,22:40:31,Import,CN,PORT_40,OM,440890,IA65996,KWWYNXR,36025753.5,17985.0,18447.214,LINE_MWIDNS,57.7,Clear
27999217,2020-01-06,02:25:37,Import,CN,PORT_40,GN,902830,7P7XOD4,73Q1QQE,83500.0,125.0,125.337,LINE_VZIZJJ,42.5,Clear
48251471,2020-01-06,07:07:11,Import,NI,PORT_20,CL,630790,FSSTFL5,7J9YYY7,690.0,300.0,312.696,LINE_MODE_10,105.5,Low Risk
91529570,2020-01-06,20:12:50,Import,JP,PORT_40,LV,392620,G7Y6O4H,7PN0VA5,1892.0,40.0,38.048,LINE_MODE_40,8.5,Clear
65816938,2020-01-06,07:56:58,Import,CN,PORT_16,MN,392690,WGMVYON,22A36WL,14.64,24.4,23.6,LINE_MODE_10,25.0,Clear
94688477,2020-01-06,05:53:17,Import,MM,PORT_16,BA,620293,GSU69M8,ODFBJ7P,367022.88,4854.8,4372.767,LINE_MODE_90,20.3,Low Risk
32496572,2020-01-06,15:21:32,Import,CN,PORT_20,CL,071080,VS1F8PW,OCSVMK0,7036800.0,24000.0,24004.8,LINE_MODE_10,46.8,Clear
47489996,2020-01-06,18:35:56,Import,KR,PORT_40,BG,850300,AJEETSS,XGHLZ3E,1485.12,2.1,2.075,LINE_MODE_10,38.9,Clear
36286526,2020-01-06,08:31:26,Import,GB,PORT_30,AT,392099,PATH1MD,02HLI7F,6272.0,35.0,31.513,LINE_MODE_40,18.6,Low Risk
85990270,2020-01-06,10:51:10,Import,CN,PORT_39,RS,392640,FH5U2CT,J3IQ5Y8,705.9,181.0,181.217,LINE_MODE_40,41.5,Clear
69556009,2020-01-06,05:10:49,Import,US,PORT_20,BA,750890,WI0ONFF,OLLTQ28,1982.2,1.0,1.007,LINE_MODE_10,51.1,Clear
57203997,2020-01-06,04:11:57,Import,CN,PORT_30,BG,950691,MK7CEGQ,6DUFUK1,1904.0,140.0,165.906,LINE_MODE_10,57.1,Low Risk
29228936,2020-01-06,06:04:56,Import,VN,PORT_16,AT,481920,FBGJ3DT,QDA7QLN,42.0,70.0,71.274,LINE_MODE_10,58.7,Clear
12028171,2020-01-06,10:25:31,Import,US,PORT_20,PL,420299,1GZBEVE,BUSF98I,350.17,36.1,35.223,LINE_MODE_10,30.7,Clear
43371918,2020-01-06,22:33:18,Import,CN,PORT_40,TT,392690,GN564D7,TGINJXC,632.0,20.0,19.544,LINE_MODE_40,25.6,Clear
41899009,2020-01-06,02:40:49,Import,CN,PORT_40,MG,392690,ZMNHDL8,ZJRXYGF,110.4,184.0,185.233,LINE_MODE_10,51.1,Clear
77572421,2020-01-06,17:49:41,Import,IT,PORT_20,AM,940360,ZRC5L3Q,TYPPLMV,355.0,50.0,50.035,LINE_MODE_10,47.2,Clear
65224344,2020-01-06,20:16:24,Import,VN,PORT_33,IL,610910,IG4I3ZW,4K4PV9F,1240.2,79.5,94.592,LINE_MODE_40,87.8,Low Risk
81429191,2020-01-06,15:09:11,Import,JP,PORT_40,IR,340220,QDGZL8E,DWNJQL8,7600.0,200.0,193.14,LINE_MWIDNS,18.1,Clear
47490370,2020-01-06,16:26:10,Import,CN,PORT_30,IL,392330,FMNCBE7,XGQYKRL,454.5,45.0,42.804,LINE_MODE_10,14.5,Clear
73120694,2020-01-06,05:02:14,Import,IN,PORT_20,TT,842123,9RUY3WI,RZM2Z77,492460.8,2496.0,2469.043,LINE_MODE_40,33.6,Clear
97917372,2020-01-06,14:28:12,Import,CN,PORT_20,NO,071080,YLMDDPF,C75HQ6O,1856400.0,7000.0,7001.4,LINE_MODE_10,46.8,Clear
87364805,2020-01-06,08:20:05,Import,GB,PORT_40,LV,220870,G4K8BDH,6IV15GL,18936.0,120.0,121.044,LINE_MODE_10,52.4,Clear
19486293,2020-01-06,00:39:33,Import,CN,PORT_20,BA,392610,ARPX25X,58TMWK4,233824.5,1365.0,1316.816,LINE_MODE_10,23.4,Clear
95949293,2020-01-06,21:42:53,Import,CN,PORT_40,PL,848079,AELWR84,SRG4OGH,9230.0,650.0,627.055,LINE_MODE_10,23.4,Clear
82266693,2020-01-06,15:39:33,Import,GB,PORT_20,PL,847150,AWOL80N,7JUUMOF,1995.3,9.0,8.682,LINE_MODE_10,23.4,Clear
68555310,2020-01-06,21:08:30,Import,NZ,PORT_20,SI,350220,696WJYB,SQ5F10B,12627840.0,9600.0,9419.52,LINE_MODE_10,34.3,Clear
38631262,2020-01-06,02:46:22,Import,DE,PORT_20,SV,847160,1I4Z34P,16AKU04,151.36,8.6,8.645,LINE_MODE_10,50.1,Clear
75038745,2020-01-06,23:05:45,Import,CN,PORT_20,OM,940190,I6ZZMA2,BR4BBTT,7299.62,203.9,211.791,LINE_MODE_10,72.2,Clear
69152188,2020-01-06,12:24:28,Import,IT,PORT_30,BR,420221,TX7RN6O,8VVA71V,554.4,18.0,20.15,LINE_MODE_40,35.5,Low Risk
95553334,2020-01-06,09:39:34,Import,DE,PORT_16,MG,901920,Z5AD160,U4PXFYX,1790.75,0.5,0.485,LINE_MODE_40,20.4,Clear
97507612,2020-01-06,23:18:52,Import,CN,PORT_80,ZZ,340490,1SOR6LL,J8BDQH4,5967600.0,12000.0,11762.4,LINE_MWIDNS,33.6,Clear
13568709,2020-01-06,14:29:09,Import,CN,PORT_33,MT,620640,N969S0Q,2PNN1LA,651.31,34.1,32.623,LINE_MODE_10,18.1,Clear
53970404,2020-01-06,07:30:44,Import,CN,PORT_16,GG,620463,MM30K4Q,6PO6A1K,1546.3,23.5,23.129,LINE_MODE_40,30.3,Clear
38384933,2020-01-06,15:36:53,Import,DE,PORT_20,ES,382499,LNM0AUX,7UXMIRC,47250.0,3780.0,4054.882,LINE_MODE_10,8.0,Low Risk
55710329,2020-01-06,01:49:29,Import,CZ,PORT_40,DJ,440323,92X3AXX,2QRESAX,10164048.0,114460.0,119805.282,LINE_MODE_40,5.5,Clear
51614419,2020-01-06,19:24:19,Import,CN,PORT_40,CA,620821,L5P86AU,DWNJQL8,543.0,3.0,2.855,LINE_MODE_40,8.8,Clear
98550491,2020-01-06,23:04:11,Import,JP,PORT_40,ZZ,151800,3MZGXM1,1CJKNEM,15357909.0,81130.0,82403.741,LINE_MODE_10,57.1,Clear
58174369,2020-01-06,19:36:49,Import,JP,PORT_30,HU,847150,E236XBG,3YNTXOU,4101.45,18.5,18.994,LINE_MODE_40,58.3,Clear
91914467,2020-01-06,13:19:47,Import,US,PORT_20,LR,560312,SCB8TNM,ESJBS85,280007.04,2134.2,2193.317,LINE_MODE_50,61.0,Clear
70494695,2020-01-06,16:11:35,Import,JP,PORT_40,BG,210390,9UBMHV5,3U8ZYJU,1620.0,60.0,60.822,LINE_MODE_40,49.7,Clear
60955487,2020-01-06,01:36:47,Import,CN,PORT_20,MN,391910,Y7K2P0D,5ICCHNF,1641.25,131.3,157.697,LINE_MODE_40,91.3,Low Risk
40984583,2020-01-06,23:44:23,Import,CN,PORT_20,LB,680293,I8E3QYY,U5MOB1O,263520.0,24400.0,23660.68,LINE_MODE_10,26.7,Clear
28887027,2020-01-06,04:22:27,Import,VN,PORT_40,CA,650500,NI0BC3U,UNCISOP,118.4,32.0,33.526,LINE_MODE_40,6.2,Clear
45661849,2020-01-06,23:54:49,Import,CN,PORT_33,MN,420229,E7MGTOA,2OQZJ37,6000.0,150.0,148.005,LINE_MODE_40,31.9,Clear
85792720,2020-01-06,09:58:40,Import,CN,PORT_20,SI,340540,632PMSO,XNI2J29,1009400.0,1000.0,1043.12,LINE_MODE_10,106.0,Low Risk
97108428,2020-01-06,23:21:48,Import,CN,PORT_30,SI,950510,AUC3VAW,249LO7A,330209.1,3295.5,2969.443,LINE_W6UCD9,24.0,Low Risk
54278685,2020-01-06,20:24:45,Import,JP,PORT_20,PG,711719,P1HG15N,NZYZ967,744.28,9.2,8.912,LINE_MODE_40,20.0,Clear
35143786,2020-01-06,12:25:46,Import,IT,PORT_20,TH,420231,6CVCQ1P,FOSYTA1,2497.4,2.0,2.086,LINE_MODE_40,69.2,Clear
85458557,2020-01-06,18:01:17,Import,AE,PORT_40,HU,210690,VGD9C3S,JQT3R2K,37.95,0.3,0.31,LINE_MODE_40,62.3,Clear
59219841,2020-01-06,06:33:21,Import,DE,PORT_40,BA,391732,BK6UO0X,69Z0KLV,464.48,1.6,1.585,LINE_MODE_10,40.6,Clear
86880892,2020-01-06,07:26:52,Import,CN,PORT_40,ES,701349,8069BH4,8QOEWI1,20438.4,96.0,99.859,LINE_MODE_10,73.2,Clear
86217803,2020-01-06,08:31:23,Import,CN,PORT_30,NO,850750,W91PYW1,T5MCXQ2,1860.9,3.0,2.729,LINE_MODE_10,16.7,Low Risk
94036828,2020-01-06,12:48:28,Import,CN,PORT_39,WS,482010,BWV2VBP,5AC97MB,1.93,0.1,0.097,LINE_MODE_10,28.3,Clear
48116690,2020-01-06,01:04:50,Import,CN,PORT_20,AM,850440,TOOEFIB,41W8AHR,51884.0,238.0,265.665,LINE_MODE_10,40.7,Low Risk
19457037,2020-01-06,14:55:57,Import,VN,PORT_30,CL,611212,2ZAYKSK,GCPNHU7,5601283.2,4128.0,4097.866,LINE_MODE_10,41.9,Clear
12972138,2020-01-06,06:10:18,Import,JP,PORT_30,SD,291612,VMYQOE5,63S4PED,12920000.0,16000.0,15475.2,LINE_MODE_10,25.0,Clear
15571094,2020-01-06,03:02:14,Import,CN,PORT_30,MN,847180,66KN9IB,ZKTF3JA,15972.08,21.2,23.529,LINE_MODE_10,39.2,Low Risk
52499756,2020-01-06,18:11:56,Import,CN,PORT_40,MG,732490,X93RCW4,SDNLETA,42208.32,342.6,345.409,LINE_MWIDNS,46.1,Clear
12613907,2020-01-06,09:23:47,Import,JP,PORT_121,GG,711719,R3GSSYM,RBHC5EX,3.42,1.9,1.915,LINE_W6UCD9,51.8,Clear
40619937,2020-01-06,09:30:57,Import,JP,PORT_40,AT,830210,KAPOTF0,80S7A6S,711.18,16.2,17.326,LINE_MODE_40,116.8,Low Risk
94443173,2020-01-06,19:20:53,Import,DE,PORT_30,ES,850440,IS4169O,L2SX065,218.1,0.5,0.512,LINE_MODE_10,63.0,Clear
90388384,2020-01-06,12:57:04,Import,HU,PORT_20,SV,830990,EPIIL7G,23RIU88,76652.63,69.1,77.796,LINE_MODE_10,43.0,Low Risk
58605407,2020-01-06,20:48:47,Import,MY,PORT_13,SV,321490,X9QL4ZP,C8P9UW5,2472286.03,20482.9,19616.473,LINE_YNWUVP,18.8,Clear
93682515,2020-01-06,23:55:15,Import,CN,PORT_40,CR,960810,191PYC1,8PVT5ZY,26889.1,2513.0,2522.298,LINE_MODE_40,43.1,Clear
56200205,2020-01-06,07:30:05,Import,US,PORT_16,BG,732690,BLMTYER,NAY7DAZ,3.0,2.0,2.017,LINE_MODE_10,52.4,Clear
96488331,2020-01-06,04:54:51,Import,US,PORT_20,GG,853710,FKPMBX3,OE2JR3A,1262.1,4.2,4.749,LINE_MODE_10,44.1,Low Risk
45417187,2020-01-06,22:45:07,Import,CN,PORT_40,LV,854390,KZ017NA,LA175FB,977.4,54.0,48.827,LINE_MODE_40,15.4,Low Risk
42225665,2020-01-06,09:41:05,Import,CN,PORT_20,IL,870899,0QBKQW0,PB2ZRR6,560.0,80.0,71.721,LINE_MODE_10,31.2,Low Risk
33361097,2020-01-06,14:30:17,Import,CN,PORT_40,MN,846789,SMQDSXA,4QC013K,1760184.0,1080.0,1039.716,LINE_MODE_10,22.1,Clear
20846278,2020-01-06,08:05:58,Import,CN,PORT_30,UG,482190,D39JGPS,RKHR2IK,606.0,20.0,19.944,LINE_MODE_10,44.8,Clear
98022974,2020-01-06,10:20:14,Import,CN,PORT_20,DJ,901910,7SRYH6O,8OASP7C,665.6,128.0,134.298,LINE_MODE_40,7.2,Clear
83480374,2020-01-06,16:03:34,Import,CN,PORT_10,DJ,392690,8DMECVY,1DKOFDH,18.0,30.0,31.476,LINE_MODE_10,13.2,Clear
81886860,2020-01-06,06:21:00,Import,CN,PORT_20,GN,200811,X7S8OR4,LB1421N,667800.0,3000.0,2868.6,LINE_MODE_10,17.8,Clear
28232787,2020-01-06,06:38:27,Import,CN,PORT_30,SV,091011,PFEUYW2,2OQZJ37,4512000.0,24000.0,23224.8,LINE_MODE_10,25.4,Clear
23986018,2020-01-06,04:14:58,Import,CN,PORT_40,MT,160559,KAJKIQF,TZM515V,47121600.0,24000.0,24652.8,LINE_MODE_10,64.6,Clear
44735055,2020-01-06,07:24:15,Import,JP,PORT_20,IR,590390,OIDFF3V,BZLLPIN,2273.32,70.6,72.979,LINE_MODE_40,62.9,Clear
13460915,2020-01-06,09:28:35,Import,DE,PORT_20,SI,870323,7KGLWW5,KQN5R0O,20370.0,2100.0,2107.77,LINE_MODE_10,49.1,Clear
93924771,2020-01-06,12:48:51,Import,CN,PORT_40,PG,590310,QNHJ2S4,PF1L1IG,4304.0,40.0,39.028,LINE_MODE_40,24.7,Clear
86316263,2020-01-06,23:52:23,Import,CN,PORT_20,EC,960910,GQVBM58,20P79IP,20091.3,347.0,357.306,LINE_MODE_10,66.3,Clear
28131450,2020-01-06,12:17:30,Import,CN,PORT_20,FJ,560312,KZQQLLU,NPTBMDV,653507.2,4981.0,5036.787,LINE_MODE_10,54.1,Clear
63289878,2020-01-06,03:19:18,Import,US,PORT_40,SD,870324,KKOEWTV,B1B2YOM,16060.0,1825.0,1819.89,LINE_NKOQIL,44.8,Clear
86570073,2020-01-06,07:02:33,Import,US,PORT_30,BG,732690,TK95X5S,SOMS4EJ,3.0,2.0,1.949,LINE_MODE_10,30.0,Clear
94453722,2020-01-06,06:20:42,Import,CN,PORT_40,NO,847190,PCJHSM1,ZS710C6,8487.93,18.7,16.811,LINE_MODE_10,28.6,Low Risk
51719366,2020-01-06,23:25:26,Import,JP,PORT_20,EC,391000,5XUU4XV,PG2NVI4,196023.6,204.0,194.453,LINE_MODE_10,15.8,Clear
85652301,2020-01-06,16:54:21,Import,CN,PORT_20,WS,760711,59ZC463,2FZMZJH,3386331.2,7352.0,7063.066,LINE_MODE_10,20.8,Clear
43170815,2020-01-06,18:13:35,Import,CN,PORT_40,SV,392310,XD54EY2,PPV74V1,268.8,84.0,80.111,LINE_W6UCD9,10.1,Clear
45946935,2020-01-06,16:02:15,Import,CN,PORT_20,MT,732690,PL7Y2DQ,PF1L1IG,2688.3,1792.2,1780.909,LINE_MODE_10,42.5,Clear
84498498,2020-01-06,10:36:18,Import,CN,PORT_40,TH,560312,OPZ15EP,AX4CW6G,84886.4,647.0,713.926,LINE_MWIDNS,31.7,Low Risk
77350304,2020-01-06,01:55:44,Import,JP,PORT_20,NG,440799,W18N36J,UNCISOP,80301.0,2130.0,2202.846,LINE_MODE_10,69.3,Clear
46573818,2020-01-06,03:58:18,Import,US,PORT_33,DJ,390120,VFZI607,PF1L1IG,11840400.0,66000.0,67795.2,LINE_MODE_40,58.6,Clear
45708150,2020-01-06,02:42:30,Import,CN,PORT_20,CL,940560,YXDPU5O,MOUEHRE,145050.0,1500.0,1363.14,LINE_MODE_10,17.6,Low Risk
23507873,2020-01-06,07:05:53,Import,CN,PORT_20,RS,200599,PXURPAB,7RMBDCN,284100.0,3000.0,2924.1,LINE_MODE_10,30.0,Clear
73356415,2020-01-06,16:26:55,Import,VN,PORT_33,CR,640419,ONSZ6W0,E859KYY,268335.6,1002.0,915.838,LINE_MODE_10,13.3,Low Risk
76506613,2020-01-06,02:18:13,Import,JP,PORT_20,MG,848690,2ZAQHXZ,0ETQNWH,6899.2,14.0,14.066,LINE_MODE_10,49.8,Clear
21043640,2020-01-06,18:47:20,Import,CN,PORT_30,WS,621139,I2OP67N,GSGQ40Q,2223.76,3.8,3.44,LINE_MODE_40,14.5,Low Risk
70491798,2020-01-06,19:51:18,Import,CN,PORT_30,CR,853931,4XQ1RQC,V2KCOV7,9193490.64,8846.7,9175.797,LINE_MODE_10,71.2,Clear
49267121,2020-01-06,07:14:41,Import,CN,PORT_30,PG,854442,0JSXPN0,82R3EBG,8970.0,300.0,285.21,LINE_MODE_10,14.2,Clear
